{"cameraMode":{"drawMode":0,"name":"Shaded","section":"Shading Mode"},"sceneLighting":false,"audioPlay":false,"sceneViewState":{"m_AlwaysRefresh":false,"showFog":true,"showSkybox":false,"showFlares":true,"showImageEffects":true,"showParticleSystems":true,"showVisualEffectGraphs":true,"m_FxEnabled":true},"in2DMode":false,"pivot":{"x":-0.006391853094100952,"y":2.8663501739501955,"z":0.39288032054901125},"rotation":{"x":0.032001983374357226,"y":0.012257089838385582,"z":0.0002598456048872322,"w":0.9995747208595276},"size":4.217076778411865,"orthographic":true}