{"cameraMode":{"drawMode":0,"name":"Shaded","section":"Shading Mode"},"sceneLighting":false,"audioPlay":false,"sceneViewState":{"m_AlwaysRefresh":false,"showFog":true,"showSkybox":false,"showFlares":true,"showImageEffects":true,"showParticleSystems":true,"showVisualEffectGraphs":true,"m_FxEnabled":true},"in2DMode":false,"pivot":{"x":-0.3098183870315552,"y":1.7232675552368165,"z":1.0139923095703126},"rotation":{"x":0.09319800138473511,"y":0.26006752252578738,"z":-0.02450249344110489,"w":0.9609407186508179},"size":4.191372871398926,"orthographic":true}