{"cameraMode":{"drawMode":0,"name":"Shaded","section":"Shading Mode"},"sceneLighting":false,"audioPlay":false,"sceneViewState":{"m_AlwaysRefresh":false,"showFog":true,"showSkybox":false,"showFlares":true,"showImageEffects":true,"showParticleSystems":true,"showVisualEffectGraphs":true,"m_FxEnabled":true},"in2DMode":false,"pivot":{"x":3.1868975162506105,"y":-6.3400349617004398,"z":-2.6350574493408205},"rotation":{"x":-0.04495174065232277,"y":-0.04146476462483406,"z":0.0017744654323905707,"w":-0.9981887340545654},"size":1.7582396268844605,"orthographic":true}