{"cameraMode":{"drawMode":0,"name":"Shaded","section":"Shading Mode"},"sceneLighting":false,"audioPlay":false,"sceneViewState":{"m_AlwaysRefresh":false,"showFog":true,"showSkybox":false,"showFlares":true,"showImageEffects":true,"showParticleSystems":true,"showVisualEffectGraphs":true,"m_FxEnabled":true},"in2DMode":false,"pivot":{"x":-1.2445318698883057,"y":1.7395312786102296,"z":-0.6800000667572022},"rotation":{"x":0.01100157294422388,"y":0.004752661567181349,"z":0.0006633697776123881,"w":1.000105381011963},"size":2.7126166820526125,"orthographic":true}