{"cameraMode":{"drawMode":0,"name":"Shaded","section":"Shading Mode"},"sceneLighting":false,"audioPlay":false,"sceneViewState":{"m_AlwaysRefresh":false,"showFog":true,"showSkybox":false,"showFlares":true,"showImageEffects":true,"showParticleSystems":true,"showVisualEffectGraphs":true,"m_FxEnabled":true},"in2DMode":false,"pivot":{"x":6.597102642059326,"y":1.649409532546997,"z":8.677528381347657},"rotation":{"x":-0.04495174065232277,"y":-0.04146476462483406,"z":0.0017744654323905707,"w":-0.9981887340545654},"size":2.6380553245544435,"orthographic":true}